{"cameraMode":{"drawMode":0,"name":"Shaded","section":"Shading Mode"},"sceneLighting":true,"audioPlay":false,"sceneViewState":{"showFog":true,"showMaterialUpdate":false,"showSkybox":true,"showFlares":true,"showImageEffects":true,"showParticleSystems":true},"in2DMode":false,"pivot":{"x":502.2129821777344,"y":282.82855224609377,"z":-1.529541015625},"rotation":{"x":-0.0005506637971848249,"y":-0.9991090893745422,"z":0.013798631727695465,"w":-0.03987954184412956},"size":233.34524536132813,"orthographic":false}